source_pcap,flow_id,profile,traffic_pattern,daemon,split,n_packets,size_mean,size_std,size_min,size_max,size_median,size_entropy,size_over_1400_ratio,size_under_128_ratio,iat_mean,iat_std,iat_min,iat_max,iat_median,iat_p95,burst_ratio_10ms,burst_ratio_50ms,byte_rate,seq_gap_ratio,seq_reorder_ratio,seq_span_per_packet,fwd_pkt_ratio,fwd_byte_ratio,conv_pkt_count,size_mean_ratio,iat_mean_ratio,fft_bin_0,fft_bin_1,fft_bin_2,fft_bin_3,fft_bin_4,fft_bin_5,fft_bin_6,fft_bin_7
legacy-cbc/bulk/cap_1_1790703262.pcap,conv0,legacy-cbc,bulk,strongswan,train,820.5,777.0599046636198,80.17537870978182,100.0,796.0,788.0,0.09234766665371535,0.4892623716153128,0.5042016806722689,3.644585728874411e-05,8.03436940045968e-05,0.0,0.0014765262603759766,2.300739288330078e-05,0.00010105967521667485,1.0,1.0,29757557.989574093,0.04538869635201945,0.022694348176009724,1.0,0.6526508226691042,0.9646408456462647,1641.0,14.51941645614097,0.5332849360186731,0.00753282513236445,0.005119692597725365,0.004652973364506937,0.0033749306947043396,0.0032295530757919647,0.0032247893995518903,0.0028695829412213477,0.002697245789197893
legacy-cbc/bulk/cap_2_1790703267.pcap,conv0,legacy-cbc,bulk,strongswan,train,1124.0,778.9746271550889,71.71446561429015,100.0,796.0,788.0,0.0837459751078253,0.4903114186851211,0.5031141868512111,0.001863482692876563,0.04137888454903978,0.0,1.0869494676589966,2.8014183044433594e-05,9.374022483825677e-05,0.9980605964313594,0.9980605964313594,568940.8738376675,0.0349757531379308,0.017037565366362487,31.317958175871624,0.6427935943060499,0.9631631510788209,2248.0,14.529982263407724,0.5554673327033851,0.0016630679742811593,0.0014889371537372754,0.0014881058183167162,0.0014876874512919573,0.0014876376645512669,0.0014875414119328637,0.0014868470064773793,0.0014865813779659247
legacy-cbc/bulk/cap_3_1790703272.pcap,conv0,legacy-cbc,bulk,strongswan,train,1325.5,781.1545782812842,66.99003284626518,100.0,796.0,788.0,0.06699428339582914,0.49293386093838326,0.5025438100621821,0.0019804790134868955,0.04959181775050206,0.0,1.6764940023422241,2.8967857360839844e-05,0.00012059807777404784,0.9965986307209516,0.9965986307209516,574071.9636535558,0.06032422791870612,0.02916940590957417,34.16360339123401,0.6672953602414183,0.9666945383889347,2651.0,14.471533684633357,0.4983284179107936,0.0013181083343373268,0.0012933849000279,0.0012922143556832989,0.0012909430330438046,0.0012860537598237648,0.0012854918903936062,0.0012850244934011794,0.0012842075594575637
legacy-cbc/chatty/cap_1_1790703279.pcap,conv0,legacy-cbc,chatty,strongswan,train,13.0,132.0,0.0,132.0,132.0,132.0,0.0,0.0,0.0,0.12083562215169272,0.04068502597598539,0.10042393207550049,0.20815348625183105,0.10395681858062744,0.2078801453113556,0.0,0.0,1183.4258595364167,0.0,0.0,1.0,0.5,0.5,26.0,1.0,0.9999855308374028,0.23755432939842416,0.23390611899964897,0.18386891045442366,0.16583111171625367,0.07077796738900034,0.06454063850850998,0.03801798590390917,0.005502937629830063
legacy-cbc/chatty/cap_2_1790703282.pcap,conv0,legacy-cbc,chatty,strongswan,train,13.0,132.0,0.0,132.0,132.0,132.0,0.0,0.0,0.0,0.12107425928115845,0.040874154071813405,0.10081303119659424,0.20907652378082275,0.10401397943496704,0.2085045337677002,0.0,0.0,1181.0933309195862,0.0,0.0,1.0,0.5,0.5,26.0,1.0,0.9999284552151799,0.2403638004425687,0.2353657708892926,0.18049344913931628,0.16183533308988118,0.07348255059917327,0.06803086257379572,0.03916291773551627,0.0012653155304559504
legacy-cbc/chatty/cap_3_1790703285.pcap,conv0,legacy-cbc,chatty,strongswan,train,13.0,132.0,0.0,132.0,132.0,132.0,0.0,0.0,0.0,0.12100216746330261,0.04067194985812522,0.101035475730896,0.20902657508850098,0.10398721694946289,0.20795399546623228,0.0,0.0,1181.797012477651,0.0,0.0,1.0,0.5,0.5,26.0,1.0,0.99998210266731,0.23887350794738565,0.23406312605820107,0.18634748267171586,0.1676447615579502,0.06807005620040157,0.06392565159010062,0.040862504180176576,0.00021290979406847875
legacy-cbc/clean/cap.pcap,conv0,legacy-cbc,clean,strongswan,test,8.0,132.0,0.0,132.0,132.0,132.0,0.0,0.0,0.0,0.2194333587374006,0.1982846040762058,0.10107290744781494,0.5109665393829346,0.10399198532104492,0.5101983904838563,0.0,0.0,687.4850010537675,0.0,0.0,1.0,0.5,0.5,16.0,1.0,0.9999877379288058,0.49209503140520694,0.3072525074833349,0.1266808001773776,0.07397166093408049,0.0,0.0,0.0,0.0
legacy-cbc/jitter/cap.pcap,conv0,legacy-cbc,jitter,strongswan,test,8.0,132.0,0.0,132.0,132.0,132.0,0.0,0.0,0.0,0.22443056106567383,0.19485415292493785,0.09951663017272949,0.5105814933776855,0.11806595325469971,0.5098736405372619,0.0,0.0,672.1773638694068,0.0,0.0,1.0,0.5,0.5,16.0,1.0,0.9999629710117656,0.49435764614095196,0.3068877567813774,0.1240482982246128,0.07470629885305767,0.0,0.0,0.0,0.0
legacy-cbc/jitter+loss/cap.pcap,conv0,legacy-cbc,jitter+loss,strongswan,test,8.0,132.0,0.0,132.0,132.0,132.0,0.0,0.0,0.0,0.22057480471474783,0.21001536945088675,0.08489465713500977,0.5328859090805054,0.10110211372375488,0.529794716835022,0.0,0.0,683.9273554481836,0.0,0.0,1.0,0.5,0.5,16.0,1.0,0.9999837866808974,0.5126695966476236,0.2969627280207294,0.1254431390438556,0.06492453628779135,0.0,0.0,0.0,0.0
legacy-cbc/loss/cap.pcap,conv0,legacy-cbc,loss,strongswan,test,8.0,132.0,0.0,132.0,132.0,132.0,0.0,0.0,0.0,0.23369208403996058,0.2248456431222845,0.10041439533233643,0.6115710735321045,0.10394859313964844,0.5805800080299377,0.0,0.0,645.5380956773135,0.0,0.0,1.0,0.5,0.5,16.0,1.0,1.0000360000268178,0.4584963043621029,0.28393894647691087,0.13677962142187686,0.1207851277391094,0.0,0.0,0.0,0.0
legacy-cbc/reorder/cap.pcap,conv0,legacy-cbc,reorder,strongswan,test,8.0,132.0,0.0,132.0,132.0,132.0,0.0,0.0,0.0,0.21859749725886754,0.2029638789755686,0.09045755863189697,0.51887047290802,0.10336053371429443,0.5169216513633728,0.0,0.0,690.1137696845619,0.0,0.0,1.0,0.5,0.5,16.0,1.0,0.9999770961109508,0.49564906618619325,0.29896472891797726,0.13193244993216402,0.07345375496366548,0.0,0.0,0.0,0.0
mixed/bulk/cap_1_1790703207.pcap,conv0,mixed,bulk,strongswan,train,3427.5,787.9189918991899,42.15958139252189,112.0,792.0,792.0,0.05463141303131182,0.4938118811881188,0.501012601260126,0.00042324011044277447,0.005913370900045166,0.0,0.22874248027801514,1.2516975402832031e-05,3.0875205993652344e-05,0.992959880010796,0.9980799672756717,2561281.5094782175,0.05541753870837898,0.024876186420337648,30.72109557492456,0.6482859226841722,0.9601448077495289,6855.0,13.06998199819982,0.5424541564340964,0.0010415379358809356,0.0010313093604531563,0.001027101985218004,0.0010175624410726067,0.0010050893867424103,0.0009902487600855288,0.0009737981464468748,0.0009546766963498825
mixed/bulk/cap_2_1790703211.pcap,conv0,mixed,bulk,strongswan,train,181.5,746.0923076923077,168.42132885323085,112.0,792.0,792.0,0.23762331565120418,0.4641025641025641,0.5230769230769231,3.7799305264997926e-05,0.0001413118459206553,0.0,0.001814126968383789,2.09808349609375e-05,5.466938018798827e-05,1.0,1.0,21013783.665492304,0.019708006667078216,0.011142663127353541,1.0,0.5371900826446281,0.9346557759626605,363.0,12.323076923076924,0.8790303256892028,0.01544981117203018,0.012952180312688097,0.012093527598707736,0.011969129577905083,0.011536215676095515,0.010993735699849037,0.010919140389633148,0.010570007570799225
mixed/bulk/cap_3_1790703216.pcap,conv0,mixed,bulk,strongswan,train,645.0,778.5762711864406,89.06802991634962,112.0,792.0,792.0,0.10899631969468204,0.4869621903520209,0.5058670143415906,2.598503970806967e-05,3.319008496376916e-05,0.0,0.0005564689636230469,2.396106719970703e-05,5.242824554443359e-05,1.0,1.0,36041329.85735307,0.039001930714364315,0.020632634074607605,1.0,0.5945736434108527,0.9498066851298363,1290.0,12.903147699757868,0.685823821781983,0.012985533015475434,0.007929109593192124,0.006666286263037861,0.006152803454879369,0.00548801093813327,0.005401158215809591,0.00517021859707111,0.004988749381780613
mixed/chatty/cap_1_1790703223.pcap,conv0,mixed,chatty,strongswan,train,13.0,144.0,0.0,144.0,144.0,144.0,0.0,0.0,0.0,0.12041857838630676,0.040184206200269995,0.10109138488769531,0.20642554759979248,0.10395574569702148,0.20641309022903442,0.0,0.0,1295.4811632126539,0.0,0.0,1.0,0.5,0.5,26.0,1.0,0.9999971951240036,0.23793416007421803,0.2363051020644935,0.18361335920688257,0.16252270271001593,0.0719311779308222,0.06503704458042672,0.039441905468079054,0.0032145479650620315
mixed/chatty/cap_2_1790703226.pcap,conv0,mixed,chatty,strongswan,test,13.0,144.0,0.0,144.0,144.0,144.0,0.0,0.0,0.0,0.12120408813158672,0.04122737690407892,0.10165917873382568,0.2103099822998047,0.10397297143936157,0.2093623697757721,0.0,0.0,1287.085298942487,0.0,0.0,1.0,0.5,0.5,26.0,1.0,0.9999877058028119,0.23834207775215163,0.2333409777267678,0.18302517616467223,0.16478962612612935,0.0710163567080588,0.06321026820670199,0.04116570362880554,0.005109813686712763
mixed/chatty/cap_3_1790703229.pcap,conv0,mixed,chatty,strongswan,train,13.0,144.0,0.0,144.0,144.0,144.0,0.0,0.0,0.0,0.12067849437395732,0.04027802887593179,0.10077297687530518,0.20728647708892822,0.10398924350738525,0.206833553314209,0.0,0.0,1292.690971890632,0.0,0.0,1.0,0.5,0.5,26.0,1.0,0.9999323362450699,0.23763512429469336,0.2347121613003068,0.1877066304198101,0.1662263205241733,0.06798513595035167,0.06154310584848622,0.042858270388816636,0.0013332512733619027
mixed/clean/cap.pcap,conv0,mixed,clean,strongswan,test,8.0,144.0,0.0,144.0,144.0,144.0,0.0,0.0,0.0,0.2194173676627023,0.19847759286413907,0.10110700130462646,0.5108764171600342,0.10398757457733154,0.510322916507721,0.0,0.0,750.0382961732859,0.0,0.0,1.0,0.5,0.5,16.0,1.0,1.000022663596629,0.49267505681904167,0.3072598067740886,0.12696138143564367,0.073103754971226,0.0,0.0,0.0,0.0
mixed/jitter/cap.pcap,conv0,mixed,jitter,strongswan,test,9.0,144.0,0.0,144.0,144.0,144.0,0.0,0.0,0.0,0.2043355107307434,0.20500228004011684,0.0791311264038086,0.54374098777771,0.09917271137237549,0.5383767127990723,0.0,0.0,792.8137378797244,0.0,0.0,1.0,0.5,0.5,18.0,1.0,0.9999670384563496,0.4447106403659101,0.3512020860988706,0.1845279463156149,0.01955932721960442,0.0,0.0,0.0,0.0
mixed/jitter+loss/cap.pcap,conv0,mixed,jitter+loss,strongswan,test,8.0,144.0,0.0,144.0,144.0,144.0,0.0,0.0,0.0,0.22355186939239502,0.20777744760170036,0.09058356285095215,0.533718466758728,0.10460758209228516,0.529990518093109,0.0,0.0,736.1666400688266,0.0,0.0,1.0,0.5,0.5,16.0,1.0,1.0000025900803275,0.4915219057042182,0.2944410297963732,0.13484997885347713,0.07918708564593148,0.0,0.0,0.0,0.0
mixed/loss/cap.pcap,conv0,mixed,loss,strongswan,test,8.0,144.0,0.0,144.0,144.0,144.0,0.0,0.0,0.0,0.2211270672934396,0.2007215997064028,0.10221552848815918,0.5200674533843994,0.10398614406585693,0.5169788002967834,0.0,0.0,744.2391861719261,0.0,0.0,1.0,0.5,0.5,16.0,1.0,0.9999722753141399,0.49076793291153226,0.3036835266073975,0.1295459570681912,0.07600258341287909,0.0,0.0,0.0,0.0
mixed/reorder/cap.pcap,conv0,mixed,reorder,strongswan,test,8.0,144.0,0.0,144.0,144.0,144.0,0.0,0.0,0.0,0.22180564062935965,0.20701835881055858,0.10052347183227539,0.5258779525756836,0.10058844089508057,0.5252601146697997,0.0,0.0,741.9623238834481,0.0,0.0,1.0,0.5,0.5,16.0,1.0,1.0000030711436572,0.49269324705859746,0.30661057550107457,0.12822521713673776,0.07247096030359011,0.0,0.0,0.0,0.0
strong/bulk/cap_1_1790703234.pcap,conv0,strong,bulk,strongswan,test,1191.5,770.4545878671503,95.45702919558148,88.0,788.0,784.0,0.07271413694262147,0.4900611620795107,0.5095565749235474,0.0002069836872777216,0.006749795389665745,0.0,0.2320624589920044,6.9141387939453125e-06,2.300739288330078e-05,0.9991518951812259,0.9991518951812259,4086231.1204498555,0.0421886732235392,0.020437509528267075,17.66430908185762,0.5488879563575325,0.9525694235588973,2383.0,16.50589030176671,0.822119372490623,0.0011054245116047258,0.001006874546330351,0.0010046809289954886,0.0010009414905895887,0.000997992485742887,0.0009932795701542774,0.0009893283311243769,0.000988415663876543
strong/bulk/cap_2_1790703239.pcap,conv0,strong,bulk,strongswan,train,828.5,767.624488125685,104.85365014759135,88.0,788.0,784.0,0.08498711672347642,0.488,0.5114285714285715,1.4007730361089065e-05,3.429073440532228e-05,0.0,0.0006715059280395508,9.000301361083984e-06,2.6154518127441363e-05,1.0,1.0,57460086.43690463,0.025689502105204556,0.013130792242533629,1.0,0.528062764031382,0.9484404818612956,1657.0,16.439928812152402,0.9039373738032629,0.007047790125155499,0.006377302768331842,0.006362438675593121,0.0063492687825430025,0.006254107291230906,0.00620309929964841,0.006080430507388157,0.0060438952442457995
strong/bulk/cap_3_1790703244.pcap,conv0,strong,bulk,strongswan,test,869.5,768.6263831295792,101.66269144819952,88.0,788.0,784.0,0.08074611196401901,0.4887295081967213,0.5107581967213115,7.56969120727268e-06,1.7656680001437505e-05,0.0,0.0003319978713989258,5.0067901611328125e-06,1.6450881958007812e-05,1.0,1.0,113939549.69979456,0.04089238845144357,0.020446194225721786,1.0,0.5612420931569868,0.954665471568728,1739.0,16.46253961195417,0.7877177725105013,0.00818102189862996,0.006320018767541725,0.006274348103023949,0.006021595901135126,0.005859649492827765,0.005835470106371942,0.005775973175965157,0.00568431672953582
strong/chatty/cap_1_1790703250.pcap,conv0,strong,chatty,strongswan,train,13.0,120.0,0.0,120.0,120.0,120.0,0.0,0.0,1.0,0.12119088570276897,0.04127822080278472,0.10143887996673584,0.21245086193084717,0.10395848751068115,0.20920925736427307,0.0,0.0,1072.687927365775,0.0,0.0,1.0,0.5,0.5,26.0,1.0,0.9999980327040008,0.23903799508417123,0.23419841173142486,0.1838214862139458,0.16602058947538054,0.06940049952574116,0.06872280648253679,0.03680333446783389,0.0019948770189656584
strong/chatty/cap_2_1790703253.pcap,conv0,strong,chatty,strongswan,test,13.0,120.0,0.0,120.0,120.0,120.0,0.0,0.0,1.0,0.1216219961643219,0.042050136479973854,0.10094153881072998,0.21222305297851562,0.10395771265029907,0.211565500497818,0.0,0.0,1068.885597217442,0.0,0.0,1.0,0.5,0.5,26.0,1.0,1.000012252103196,0.23850077561832017,0.23345307124710932,0.1851726167140206,0.16732022275325364,0.06937800629603233,0.0638096791791977,0.03974137744497063,0.002624250747095671
strong/chatty/cap_3_1790703256.pcap,conv0,strong,chatty,strongswan,train,13.0,120.0,0.0,120.0,120.0,120.0,0.0,0.0,1.0,0.12079865733782451,0.04076594938405026,0.10070109367370605,0.20872902870178223,0.10394597053527832,0.20797247290611268,0.0,0.0,1076.170902065267,0.0,0.0,1.0,0.5,0.5,26.0,1.0,0.999966941311453,0.239184170107848,0.23633366697106523,0.1828095699148383,0.16102228207656366,0.07215036125503099,0.06494667897758889,0.04265200075334894,0.0009012699437159422
strong/clean/cap.pcap,conv0,strong,clean,strongswan,test,8.0,120.0,0.0,120.0,120.0,120.0,0.0,0.0,1.0,0.21943957465035574,0.19879439129965765,0.10065710544586182,0.5113095045089722,0.10400056838989258,0.5107869029045105,0.0,0.0,624.9686610822367,0.0,0.0,1.0,0.5,0.5,16.0,1.0,0.9999792017217249,0.4928859430724225,0.30733925943189666,0.12685486270035723,0.07291993479532348,0.0,0.0,0.0,0.0
strong/jitter/cap.pcap,conv0,strong,jitter,strongswan,test,8.0,120.0,0.0,120.0,120.0,120.0,0.0,0.0,1.0,0.22454833984375,0.21346104530775856,0.07985401153564453,0.5413104295730591,0.10742998123168945,0.5384593844413756,0.0,0.0,610.7498156303507,0.0,0.0,1.0,0.5,0.5,16.0,1.0,0.9999778547670117,0.5163140297513091,0.31740326097132837,0.11655783280455174,0.04972487647281059,0.0,0.0,0.0,0.0
strong/jitter+loss/cap.pcap,conv0,strong,jitter+loss,strongswan,test,7.0,120.0,0.0,120.0,120.0,120.0,0.0,0.0,1.0,0.2542281746864319,0.24370629994341522,0.08295941352844238,0.6027419567108154,0.10594379901885986,0.5850336253643036,0.0,0.0,550.6864067037765,0.0,0.0,1.0,0.5,0.5,14.0,1.0,0.9999948420398138,0.4345307835885943,0.3721411480891595,0.17264984549264797,0.020678222829598265,0.0,0.0,0.0,0.0
strong/loss/cap.pcap,conv0,strong,loss,strongswan,test,7.0,120.0,0.0,120.0,120.0,120.0,0.0,0.0,1.0,0.25664619604746497,0.20077386099655833,0.10402452945709229,0.5116825103759766,0.15511983633041382,0.5112289786338806,0.0,0.0,545.4980520699926,0.08333333333333333,0.0,1.0714285714285714,0.5,0.5,14.0,1.0,1.0000207473826557,0.5498505125496056,0.31056990245322147,0.07358096257212117,0.06599862242505167,0.0,0.0,0.0,0.0
strong/reorder/cap.pcap,conv0,strong,reorder,strongswan,test,8.0,120.0,0.0,120.0,120.0,120.0,0.0,0.0,1.0,0.2204686403274536,0.20459482554158587,0.10052895545959473,0.5204235315322876,0.10068094730377197,0.5201481223106383,0.0,0.0,622.0515398985727,0.0,0.0,1.0,0.5,0.5,16.0,1.0,1.0000458840394455,0.493691667167307,0.3074790411251803,0.12811946212065028,0.07070982958686242,0.0,0.0,0.0,0.0
weak/bulk/cap_1_1790703176.pcap,conv0,weak,bulk,strongswan,train,3408.0,770.1460253450452,81.33035460967774,84.0,784.0,780.0,0.05561451699777009,0.49273093267725343,0.5071572355177812,0.0002751605419746675,0.0025261178908185184,0.0,0.056262969970703125,7.009506225585938e-05,0.00014190673828124996,0.9934966519305801,0.999349665193058,3963296.7616369226,0.028026719655496253,0.010878744149468203,3.885524052422172,0.655956572769953,0.9706316599185455,6816.0,17.334576246514093,0.5244424099658241,0.0015629751496869008,0.0015620289151187451,0.0015584509983110053,0.0015535689433616583,0.0015518071821090675,0.0015510355077419525,0.0015489633924040183,0.0015412846739377658
weak/bulk/cap_2_1790703181.pcap,conv0,weak,bulk,strongswan,test,276.0,751.2409997706948,138.14001490803423,84.0,784.0,780.0,0.13344242797470274,0.4789325842696629,0.5196629213483146,0.00010324137526843125,8.400803453361018e-05,0.0,0.0008015632629394531,8.594989776611328e-05,0.00020306110382080074,1.0,1.0,10005955.03880011,0.009859154929577466,0.005633802816901409,1.0,0.644927536231884,0.9683789008561171,552.0,16.860654531181,0.5516071752541674,0.023639799880448738,0.013051164920196912,0.01145720270300504,0.011433112289680284,0.010953737511038796,0.00999014373361931,0.009872727545590381,0.009160293092848854
weak/bulk/cap_3_1790703186.pcap,conv0,weak,bulk,strongswan,train,162.5,734.6440436639772,171.6207061594625,84.0,784.0,780.0,0.18900640059170196,0.46683673469387754,0.5306122448979592,7.797133368559373e-05,6.0287751330920724e-05,0.0,0.00039756298065185547,7.677078247070312e-05,0.0001665949821472168,1.0,1.0,11654763.224583792,0.06446314102564102,0.03735977564102564,1.0,0.6030769230769231,0.961535737054615,325.0,16.452869545608298,0.6624189760187854,0.05186914833882605,0.031068952076050833,0.030043218193982802,0.02876897925445663,0.024866049917527243,0.015086156681510764,0.013896172349422012,0.013022289731114162
weak/chatty/cap_1_1790703195.pcap,conv0,weak,chatty,strongswan,train,13.0,116.0,0.0,116.0,116.0,116.0,0.0,0.0,1.0,0.12230008840560913,0.04318475225210035,0.10263943672180176,0.21613657474517822,0.1039772629737854,0.21460097432136538,0.0,0.0,1027.5271948892457,0.0,0.0,1.0,0.5,0.5,26.0,1.0,1.000058485375001,0.2399587474188318,0.23287971999905785,0.18346572013202764,0.16693862273790383,0.06925528555166631,0.06544327192171145,0.04018797949020994,0.0018706527485911422
weak/chatty/cap_2_1790703197.pcap,conv0,weak,chatty,strongswan,train,13.0,116.0,0.0,116.0,116.0,116.0,0.0,0.0,1.0,0.1212262511253357,0.041724195602161784,0.10089457035064697,0.2109450101852417,0.10399770736694336,0.21047890782356263,0.0,0.0,1036.62915907555,0.0,0.0,1.0,0.5,0.5,26.0,1.0,1.0000550697886648,0.23812918054654947,0.23568796045602494,0.18578333211875578,0.16371457759310393,0.06939661496409559,0.06403218225930442,0.041883002820683454,0.0013731492414824117
weak/chatty/cap_3_1790703200.pcap,conv0,weak,chatty,strongswan,test,13.0,116.0,0.0,116.0,116.0,116.0,0.0,0.0,1.0,0.12089670697848001,0.04076546698461128,0.10073387622833252,0.20903539657592773,0.10398346185684204,0.20805323123931885,0.0,0.0,1039.4548356839925,0.0,0.0,1.0,0.5,0.5,26.0,1.0,0.9999745275601938,0.23894090654797298,0.23551936582043173,0.1842285721782355,0.1624766803109541,0.07062082571064585,0.06346862503039909,0.044039825227074954,0.0007051991742857499
weak/clean/cap.pcap,conv0,weak,clean,strongswan,test,8.0,116.0,0.0,116.0,116.0,116.0,0.0,0.0,1.0,0.21998286247253418,0.19913926739873603,0.10151147842407227,0.5142710208892822,0.10400187969207764,0.512596571445465,0.0,0.0,602.6443473066769,0.0,0.0,1.0,0.5,0.5,16.0,1.0,0.9999922585639635,0.49131441993285824,0.3060400000252633,0.1274024814469446,0.07524309859493393,0.0,0.0,0.0,0.0
weak/jitter/cap.pcap,conv0,weak,jitter,strongswan,test,8.0,116.0,0.0,116.0,116.0,116.0,0.0,0.0,1.0,0.22694357803889684,0.20893100294218164,0.09102404117584229,0.5406190156936646,0.11627197265625,0.5356388688087463,0.0,0.0,584.1602999101995,0.0,0.0,1.0,0.5,0.5,16.0,1.0,1.0000340688451819,0.4647538069119307,0.30916866403526727,0.13083313065863894,0.09524439839416303,0.0,0.0,0.0,0.0
weak/jitter+loss/cap.pcap,conv0,weak,jitter+loss,strongswan,test,8.0,116.0,0.0,116.0,116.0,116.0,0.0,0.0,1.0,0.22257300785609654,0.20855251098220334,0.090545654296875,0.5291110277175903,0.11050653457641602,0.5282031893730164,0.0,0.0,595.6312038132173,0.0,0.0,1.0,0.5,0.5,16.0,1.0,1.0000321362970752,0.5163887827877712,0.2974635752950618,0.13027537490301436,0.05587226701415261,0.0,0.0,0.0,0.0
weak/loss/cap.pcap,conv0,weak,loss,strongswan,test,8.0,116.0,0.0,116.0,116.0,116.0,0.0,0.0,1.0,0.21944200992584229,0.19733796870940307,0.1032174825668335,0.5088424682617188,0.10403907299041748,0.5085256814956665,0.0,0.0,604.1296679116232,0.0,0.0,1.0,0.5,0.5,16.0,1.0,0.9999818404868364,0.49426562735375124,0.30704939604456893,0.12865232175161503,0.07003265485006477,0.0,0.0,0.0,0.0
weak/reorder/cap.pcap,conv0,weak,reorder,strongswan,test,8.0,116.0,0.0,116.0,116.0,116.0,0.0,0.0,1.0,0.22001736504690989,0.2040524474769539,0.10047852993011475,0.5187770128250122,0.10054492950439453,0.5187425374984741,0.0,0.0,602.5498423509224,0.0,0.0,1.0,0.5,0.5,16.0,1.0,0.9999603706949958,0.49341780841993427,0.30703259178287456,0.12816932159220537,0.07138027820498588,0.0,0.0,0.0,0.0
